{"cameraMode":{"drawMode":0,"name":"Shaded","section":"Shading Mode"},"sceneLighting":false,"audioPlay":false,"sceneViewState":{"showFog":true,"showMaterialUpdate":false,"showSkybox":false,"showFlares":true,"showImageEffects":true,"showParticleSystems":true},"in2DMode":false,"pivot":{"x":0.9183013439178467,"y":2.7643985748291017,"z":-1.3121081590652466},"rotation":{"x":-0.09058409184217453,"y":0.9094874262809753,"z":0.29001227021217348,"w":0.2839794158935547},"size":1.0227718353271485,"orthographic":false}