{"cameraMode":{"drawMode":0,"name":"Shaded","section":"Shading Mode"},"sceneLighting":true,"audioPlay":false,"sceneViewState":{"showFog":true,"showMaterialUpdate":false,"showSkybox":true,"showFlares":true,"showImageEffects":true,"showParticleSystems":true},"in2DMode":false,"pivot":{"x":-0.17116817831993104,"y":1.0489825010299683,"z":-0.1810242086648941},"rotation":{"x":0.03261008486151695,"y":0.890005350112915,"z":-0.06446828693151474,"w":0.45019152760505679},"size":0.13900363445281983,"orthographic":false}